{"_step":7,"_wandb":{"runtime":0},"_runtime":0,"acc":0.8923132506382206,"loss":0.19760820434741072,"_timestamp":1.777585950487827e+09}